{
	"directory": "",
	"defaultZoom": 0.9,
	"boyfriend": [2182.26245351432, 733.810321506248],
	"girlfriend": [1510.85220479402,777.322646331187],
	"opponent": [999.331476892392,723.697907361555]
}